Maßnahmentitel;Maßnahmeart;inhaltl. Schlagrichtung;Schlagwörter;Produkt, Abrechnungsart;Kostenträger;Dauer;Praxisdauer;Abschluss (Zertifikate);Status;Dokumente;Organisation;Ansprechpartner I;Ansprechpartner II
;;;;;;;;;;;;;
Arbeitserprobung/Berufsfindung;"Assessment




";Abklärung der intellektuellen, medizinischen, beruflichen Eignung in bis zu 7 festgelegten Berufsfeldern;Orientierung, Arbeitserprobung, Assessment,  Berufsperspektive, Findungsprozess, Berufsbilder, medizinische Abklärung, Eignungsabklärung, Berufsfindung, Neuorientierung, neue Berufsfelder Leistungsvermögen, berufspraktische Erprobungen, medizinische Abklärung, Stärken, langfristige Jobperspektive, psychologische Eignungsuntersuchung, sozialmedizinische Stellungnahme, fachpraktische Testung;Reha;"Agentur für Arbeit/Jobcenter
Berufsgenossenschaften
Deutsche Rentenversicherung";2 Wochen;-;;aktiv;Link zum Dokument auf der Homepage ;BFW Schömberg;"Tamara Schumann
t.schumann@pro-di.net
07159 406-7351";"Sara Cardano
s.cardano@pro-di.net
07159 406-7353"
Erweiterte Arbeitserprobung/Berufsfindung;"Assessment




";Abklärung der intellektuellen, medizinischen, beruflichen Eignung in bis zu 7 festgelegten Berufsfeldern sowie eine ein- zweiwöchige Hospitationsphase in einem oder mehreren Berufsfeldern zur Abklärung der aktuellen Belastbarkeit;Orientierung, Eignung, Arbeitserprobung, Assessment,  Berufsperspektive, Findungsprozess, Berufsbilder, medizinische Abklärung, Eignungsabklärung, Berufsfindung, Neuorientierung, neue Berufsfelder Leistungsvermögen, berufspraktische Erprobungen, medizinische Abklärung, Stärken, langfristige Jobperspektive, psychologische Eignungsuntersuchung, sozialmedizinische Stellungnahme, fachpraktische Testung, verlängerte Erprobung, mehr Zeit Arbeitserprobung;Reha;"Agentur für Arbeit/Jobcenter
Berufsgenossenschaften
Deutsche Rentenversicherung
";3 - 4 Wochen;-;;aktiv;Link zum Dokument auf der Homepage ;BFW Schömberg;;
Kurz-Arbeitserprobung;"Assessment




";Abklärung der intellektuellen, medizinischen, beruflichen Eignung in einem vorher festgelegten Berufsfeld;Orientierung, Eignung, Arbeitserprobung, Assessment,  Berufsperspektive, Findungsprozess, Berufsbilder, medizinische Abklärung, Eignungsabklärung, Berufsfindung, Neuorientierung, neue Berufsfelder Leistungsvermögen, berufspraktische Erprobungen, medizinische Abklärung, Stärken, langfristige Jobperspektive, psychologische Eignungsuntersuchung, sozialmedizinische Stellungnahme, fachpraktische Testung;Reha;"Agentur für Arbeit/Jobcenter
Berufsgenossenschaften
Deutsche Rentenversicherung
";1 Woche;-;;aktiv;Link zum Dokument auf der Homepage ;BFW Schömberg;;
JobFit Abklärung;"Assessment




";Abklärung der kompetenzorientierten, medizinischen, und beruflichen Eignung in bis zu drei vorab festgelegten Berufsfeldern im Rahmen einer Teilqualifizierung;"Orientierung, Eignung, Arbeitserprobung, Assessment, JobFit, AP, Kurz-AP, Berufsperspektive, Findungsprozess, Berufsbilder, medizinische Abklärung, Eignungsabklärung, Berufsfindung, Neuorientierung
--
Aufstiegsqualifizierung, Leistungsvermögen, berufspraktische Erprobungen, medizinische Abklärung, Stärken, langfristige Jobperspektive, psychologische Eignungsuntersuchung, sozialmedizinische Stellungnahme, fachpraktische Testung";Reha;"Berufsgenossenschaften
Deutsche Rentenversicherung
";4 Tage;-;;aktiv;Link zum Dokument auf der Homepage ;BFW Schömberg;;
Psychologische Eignungsuntersuchung (PEU);"Assessment




";Abklärung des intellektuellen Leistungsprofils und Eignungseinschätzung hinsichtlich einer konkreten Fragestellung (Berufsbild);Orientierung, Eignung, Arbeitserprobung, Assessment,  Berufsperspektive, Findungsprozess, Berufsbilder, Eignungsabklärung, Berufsfindung, Neuorientierung, neue Berufsfelder, Leistungsvermögen, berufspraktische Erprobungen, Stärken, langfristige Jobperspektive, psychologische Eignungsuntersuchung, PEU ;Reha;"Berufsgenossenschaften
Deutsche Rentenversicherung
";1 Tag;-;;aktiv;Link zum Dokument auf der Homepage ;BFW Schömberg;;
Erweiterte Eignungsuntersuchung (PEU);"Assessment




";Abklärung des intellektuellen Leistungsprofils und der schulischen Leistungen sowie Eignungseinschätzung hinsichtlich einer konkreten Fragestellung (Berufsbild);Orientierung, Eignung, Arbeitserprobung, Assessment,  Berufsperspektive, Findungsprozess, Berufsbilder, Eignungsabklärung, Berufsfindung, Neuorientierung, neue Berufsfelder, Leistungsvermögen, berufspraktische Erprobungen, Stärken, langfristige Jobperspektive, psychologische Eignungsuntersuchung, PEU ;Reha;"Berufsgenossenschaften
Deutsche Rentenversicherung
";2 Tage;-;;aktiv;Link zum Dokument auf der Homepage ;BFW Schömberg;;
"Psychologische Eignungsuntersuchung (PEU)
für DRV Baden-Württemberg in Stuttgart";"Assessment




";Abklärung des intellektuellen Leistungsprofils und der schulischen Leistungen sowie Eignungseinschätzung hinsichtlich einer konkreten Fragestellung (Berufsbild);Orientierung, Eignung, Arbeitserprobung, Assessment,  Berufsperspektive, Findungsprozess, Berufsbilder, Eignungsabklärung, Berufsfindung, Neuorientierung, neue Berufsfelder, Leistungsvermögen, berufspraktische Erprobungen, Stärken, langfristige Jobperspektive, psychologische Eignungsuntersuchung, PEU ;Reha;"Berufsgenossenschaften
Deutsche Rentenversicherung
";1 Tag;-;;aktiv;Link zum Dokument auf der Homepage ;BFW Schömberg;;
Evaluation der funktionellen Leistungsfähigkeit (EFL);"Assessment




";Testen der körperlichen Belastungsfähigkeit hinsichtlich des Arbeitsplatzes;"Orientierung, Assessment, AP, Berufsperspektive, Findungsprozess, medizinische Abklärung, Eignungsabklärung, Berufsfindung, Neuorientierung, --
Leistungsvermögen, Testung körperliche Leistungsfähigkeit";Reha;"Berufsgenossenschaften
Deutsche Rentenversicherung
";2 Tage;-;;aktiv;Link zum Dokument auf der Homepage ;BFW Schömberg;;
Reha-Vorbereitung;Vorbereitung;Mit Schwerpunkten Deutsch und oder Mathematik intensive Vorförderung;Reha-Vorbereitung, Vorbereitungskurs, Förderung, Wiederauffrischen, Lernkompetenz, Lernen lernen, Lernwerkstatt, Lerntechniken, Deutsch, Mathematik, intensiv Mathematik, Schwerpunkt Mathematik, beruflicher Neustart, Neubeginn;Reha, FbW;"Agentur für Arbeit/Jobcenter
Berufsgenossenschaften
Deutsche Rentenversicherung
";18 Wochen;-;Hauszeugnis;aktiv;Link zum Dokument auf der Homepage ;BFW Schömberg;;
Reha-Vorbereitung;Vorbereitung;Mit Schwerpunkt Deutsch als Fremdsprache intensive Vorförderung;Reha-Vorbereitung, Vorbereitungskurs, Förderung, Wiederauffrischen, Lernkompetenz, Lernen lernen, Lernwerkstatt, Lerntechniken, Deutsch, Mathematik, intensiv Deutsch, Schwerpunkt Deutsch, beruflicher Neustart, Neubeginn;Reha, FbW;"Agentur für Arbeit/Jobcenter
Berufsgenossenschaften
Deutsche Rentenversicherung
";18 Wochen;-;Hauszeugnis;aktiv;Link zum Dokument auf der Homepage ;BFW Schömberg;;
Reha-Vorbereitung;Vorbereitung;Vorbereitung auf die Ausbildung - Qualifikationsvorbereitung kfm. Berufsfelder;Reha-Vorbereitung, Vorbereitungskurs, Förderung, Wiederauffrischen, Lernkompetenz, Lernen lernen, Lernwerkstatt, Lerntechniken, Deutsch, Mathematik, beruflicher Neustart, Neubeginn, kaufmännische Vorbereitung;Reha, FbW;"Agentur für Arbeit/Jobcenter
Berufsgenossenschaften
Deutsche Rentenversicherung
";12 Wochen;-;Hauszeugnis;aktiv;Link zum Dokument auf der Homepage ;BFW Schömberg;;
Reha-Vorbereitung;Vorbereitung;Vorbereitung auf die Ausbildung - Qualifikationsvorbereitung technische Berufsfelder;Reha-Vorbereitung, Vorbereitungskurs, Förderung, Wiederauffrischen, Lernkompetenz, Lernen lernen, Lernwerkstatt, Lerntechniken, Deutsch, Mathematik, beruflicher Neustart, Neubeginn, technisch-gewerbliche Vorbereitung;Reha, FbW;"Agentur für Arbeit/Jobcenter
Berufsgenossenschaften
Deutsche Rentenversicherung
";12 Wochen;-;Hauszeugnis;aktiv;Link zum Dokument auf der Homepage ;BFW Schömberg;;
Reha-Vorbereitung für Verwaltungsfachangestellte;Umschulung;Vorbereitung auf die Ausbildung  mit Fokus auf Wirtschaft- u. Sozialkunde - Qualifikationsvorbereitung Verwaltungsfach;Reha-Vorbereitung, Vorbereitungskurs, Förderung, Wiederauffrischen, Lernkompetenz, Lernen lernen, Lernwerkstatt, Lerntechniken, Deutsch, Mathematik, beruflicher Neustart, Neubeginn, kaufmännische Vorbereitung, Verwaltungsfach;Reha, FbW;"Agentur für Arbeit/Jobcenter
Berufsgenossenschaften
Deutsche Rentenversicherung
";12 Wochen;-;Hauszeugnis;aktiv;Link zum Dokument auf der Homepage ;BFW Schömberg;;
Reha-Vorbereitung für Steuerfachangestellte;Umschulung;Vorbereitung auf die Ausbildung zum Steuerfachangestellten - Qualifikationsvorbereitung;Reha-Vorbereitung, Vorbereitungskurs, Förderung, Wiederauffrischen, Lernkompetenz, Lernen lernen, Lernwerkstatt, Lerntechniken, Deutsch, Mathematik, beruflicher Neustart, Neubeginn, kaufmännische Vorbereitung, Vorbereitung, Steuerfach;Reha, FbW;"Agentur für Arbeit/Jobcenter
Berufsgenossenschaften
Deutsche Rentenversicherung
";"12 Wochen
4 Wochen";-;Hauszeugnis;aktiv;Link zum Dokument auf der Homepage ;BFW Schömberg;;
Reha-Vorbereitung für Rehabilitation in Betrieb und Berufsschule;Umschulung;Vorbereitung auf eine betriebliche Ausbildung;Reha-Vorbereitung, Vorbereitungskurs, Förderung, Wiederauffrischen, Lernkompetenz, Lernen lernen, Lernwerkstatt, Lerntechniken, Deutsch, Mathematik, beruflicher Neustart, Neubeginn, betriebliche Ausbildung ;Reha, FbW;"Agentur für Arbeit/Jobcenter
Berufsgenossenschaften
Deutsche Rentenversicherung
";12 Wochen;-;Hauszeugnis;aktiv;Link zum Dokument auf der Homepage ;BFW Schömberg;;
Vorbereitung auf Externenprüfung/Nachqualifizierung nach Absprache;Umschulung;Prüfungsvorbereitung;Einschlägige Berufsefahrung, Nachholen Berufsabschluss, Kammerprüfung verschiedene Berufsrichtungen, Prüfungsvorbereitung ;Reha, FbW;"Agentur für Arbeit/Jobcenter
Berufsgenossenschaften
Deutsche Rentenversicherung
";nach Absprache;-;IHK-Zeugnis;aktiv;Link zum Dokument auf der Homepage ;BFW Schömberg;;
Verwaltungsfachangestellte*r;Umschulung;Experten in der öffentlichen Verwaltung - kfm. Ausbildung;"Verwaltungsfachangestellte, Verwaltungsfachangestellter, Büromanagement,  kaufmännischer Sachbearbeiter, kaufmännische Sachbearbeiterin, kaufmännischer Sachbearbeiter,
Öffentliches Recht, Verwaltung, öffentliiche Verwaltung, Gemeindeverwaltung, Stadtverwaltung, Verwaltungsrecht
";Reha, FbW;"Agentur für Arbeit/Jobcenter
Berufsgenossenschaften
Deutsche Rentenversicherung
";24 Monate;7 Monate;"Staatl. Geprüft. Verwaltungsfachangestellte*r Fachrichtung Kommunal- und Landesverwaltung
SAP-Zertifikat SAP 01
ICDL-Zertifikat (Standardzertifikat)";aktiv;Link zum Dokument auf der Homepage ;BFW Schömberg;;
Steuerfachangestellte*r;Umschulung;Der Beruf für Zahlenliebhaber - kfm. Ausbildung;"Steuerfachangestellter, Steuerfachangestellte, Wiedereingliederung von Steuerfachangestellten, Steuern, Finanzen, Lohnbuchhalter, Lohnbuchhalterin, Lohnbuchhaltung, Finanzbuchhalter, Finanzbuchhaltung, kaufmännischer Sachbearbeiter Rechnungswesen, Buchhalter Debitoren, Buchhalter Kreditoren, Buchhalterin, Einkommenssteuererklärung, DATEV, Lexware, SAP, Steuerberaterkammer, Steuerwesen, 
Steuerfach, DATEV, Rechnungswesen, Buchhaltung, Lohn und Gehalt, Personalwesen, Einkommenssteuer, Umsatzsteuer
";Reha, FbW;"Agentur für Arbeit/Jobcenter
Berufsgenossenschaften
Deutsche Rentenversicherung
";24 Monate;"3 Monate
Schömberg
6 Monate
Renningen";"Steuerfachangestellter (StBK)
ICDL-Zertifikat (Base-Zertifikat)
DATEV-Zertifikat";aktiv;Link zum Dokument auf der Homepage ;BFW Schömberg;;
Fachpraktiker/-in für Bürokommunikation;Umschulung;Struktur in kfm. Abteilungen, Unterstützungsleistungen in vielen Bürotätigkeiten;Fachpraktiker für Bürokommunikation, Fachpraktikerin, Kauffrau, Kaufmann, Kauffrau, Büromanagement, Industriekaufmann, Industriekauffrau, Materialwirtschaft, kaufmännische Sachbearbeiterin, Lagerverwalter, Lagerverwalterin, Verkaufsfachberater, Verkaufsfachberaterin, kaufmännischer Sachbearbeiter Absatzwirtschaft, kaufmännischer Sachbearbeiter Export- und Zollabwicklung, kaufmännischer Sachbearbeiter Empfang und Rezeption, Bürowirtschaft, Büroorganisation, Buchhaltung, Rechnungswesen;Reha;"Agentur für Arbeit/Jobcenter
Berufsgenossenschaften
Deutsche Rentenversicherung
";24 Monate;6 Monate;"IHK-Zeugnis
SAP-Zertifikat SAP 01
(Umschulungsberuf nach §66 BBiG)";aktiv;Link zum Dokument auf der Homepage ;BFW Schömberg;;
Kaufmann/-frau für Büromanagement;Umschulung;Die Experten für die Büroorganisation - kfm. Ausbildung;Fachpraktiker für Bürokommunikation, Fachpraktikerin, Kauffrau, Kaufmann, Kauffrau, Büromanagement, Industriekaufmann, Industriekauffrau, Materialwirtschaft, kaufmännische Sachbearbeiterin, Lagerverwalter, Lagerverwalterin, Verkaufsfachberater, Verkaufsfachberaterin, kaufmännischer Sachbearbeiter Absatzwirtschaft, kaufmännischer Sachbearbeiter Export- und Zollabwicklung, kaufmännischer Sachbearbeiter Empfang und Rezeption, Bürowirtschaft, Büroorganisation, Buchhaltung, Rechnungswesen;Reha, FbW;"Agentur für Arbeit/Jobcenter
Berufsgenossenschaften
Deutsche Rentenversicherung
";24 Monate;6 Monate;"IHK-Zeugnis
SAP-Zertifikat SAP 01";aktiv;Link zum Dokument auf der Homepage ;BFW Schömberg;;
Industriekaufmann/-frau;Umschulung;Organisationstalente mit dem Blick für das Ganze - kfm. Ausbildung;Fachpraktiker für Bürokommunikation, Fachpraktikerin, Kauffrau, Kaufmann, Kauffrau, Büromanagement, Industriekaufmann, Industriekauffrau, Materialwirtschaft, kaufmännische Sachbearbeiterin, Lagerverwalter, Lagerverwalterin, Verkaufsfachberater, Verkaufsfachberaterin, kaufmännischer Sachbearbeiter Absatzwirtschaft, kaufmännischer Sachbearbeiter Export- und Zollabwicklung, kaufmännischer Sachbearbeiter Empfang und Rezeption, Bürowirtschaft, Büroorganisation, Buchhaltung, Rechnungswesen;Reha, FbW;"Agentur für Arbeit/Jobcenter
Berufsgenossenschaften
Deutsche Rentenversicherung
";24 Monate;6 Monate;"IHK-Zeugnis
SAP-Zertifikat SAP 01";aktiv;Link zum Dokument auf der Homepage ;BFW Schömberg;;
Wiedereingliederung von Steuerfachangestellten;Umschulung;Berufsrückkehrer im Steuerfach;"Steuerfachangestellter, Steuerfachangestellte, Wiedereingliederung von Steuerfachangestellten, Steuern, Finanzen, Lohnbuchhalter, Lohnbuchhalterin, Lohnbuchhaltung, Finanzbuchhalter, Finanzbuchhaltung, kaufmännischer Sachbearbeiter Rechnungswesen, Buchhalter Debitoren, Buchhalter Kreditoren, Buchhalterin, Einkommenssteuererklärung, DATEV, Lexware, SAP, Steuerberaterkammer, Steuerwesen, 
Steuerfach, DATEV, Rechnungswesen, Buchhaltung, Lohn und Gehalt, Personalwesen, Einkommenssteuer, Umsatzsteuer
";Reha, FbW;"Berufsgenossenschaften
Deutsche Rentenversicherung
";34 Wochen;8 Wochen;"Hausinternes Zertifikat
SAP-Anwenderzertifikat 'Foundation Level'";aktiv;Link zum Dokument auf der Homepage ;BFW Schömberg;;
Fachkraft Auftragsbearbeitung und Rechnungswesen (IHK);Anppassungsqualifizierung;Flexible Fachkräfte für die Buchhaltung - kfm. Qualifizierung;"Kauffrau, Kaufmann für Büromanagement, Industriekaufmann, Industriekauffrau, Rechnungswesen, Auftragsbearbeitung, Debitorenbuchhaltung, Kreditorenbuchhaltung, Finanzbuchhaltung
";Reha, FbW;"Berufsgenossenschaften
Deutsche Rentenversicherung
";34 Wochen;8 Wochen;"Hausinternes Zertifikat
SAP-Anwenderzertifikat 'Foundation Level' 
IHK-Zertifikat";aktiv;Link zum Dokument auf der Homepage ;BFW Schömberg;;
Fachkraft Einkauf und Disposition (IHK);Anppassungsqualifizierung;Den Warenfluss der AG im Blick behalten - kfm. Qualifizierung;"Kauffrau, Kaufmann für Büromanagement, Industriekaufmann, Industriekauffrau, kaufmännischer Sachbearbeiter Materialwirtschaft, kaufmännische Sachbearbeiterin, Lagerverwalter, Lagerverwalterin, Einkauf, Disposition, Auftragsabwicklung, Materialwirtschaft
";Reha, FbW;"Berufsgenossenschaften
Deutsche Rentenversicherung
";34 Wochen;8 Wochen;"Hausinternes Zertifikat
SAP-Anwenderzertifikat 'Foundation Level' 
IHK-Zertifikat";aktiv;Link zum Dokument auf der Homepage ;BFW Schömberg;;
Fachkraft E-Commerce und Vertrieb (IHK);Anppassungsqualifizierung;Digitale Vertriebstalende für alle Branchen - kfm. Qualifizierung;"Kaufmann, Kauffrau, Kaufmann für Büromanagement, Industriekaufmann, Industriekauffrau,  Sachbearbeiter Absatzwirtschaft, Vertrieb, Absatz, E-Commerce, Auftragsabwicklung, Onlineshop
";Reha, FbW;"Berufsgenossenschaften
Deutsche Rentenversicherung
";34 Wochen;8 Wochen;"Hausinternes Zertifikat
SAP-Anwenderzertifikat 'Foundation Level' 
IHK-Zertifikat";aktiv;Link zum Dokument auf der Homepage ;BFW Schömberg;;
Verkaufsfachberater/-in (IHK);Anppassungsqualifizierung;Im Außen- und Innendienst einsetzbar - kfm. Qualifizierung;"Kauffrau, Kaufmann für Büromanagement, Industriekaufmann, Industriekauffrau,  Verkaufsfachberater, Verkaufsfachberaterin, Fachberater, Fachberaterin, Auftragsabwicklung, Fachberater, Beratung, Angebotserstellung
";Reha, FbW;"Berufsgenossenschaften
Deutsche Rentenversicherung
";34 Wochen;8 Wochen;"Hausinternes Zertifikat
SAP-Anwenderzertifikat 'Foundation Level' 
IHK-Zertifikat";aktiv;Link zum Dokument auf der Homepage ;BFW Schömberg;;
Fachkraft Assistenz und Empfang (IHK);Anppassungsqualifizierung;Die Visitenkarte für das Unternehmen - kfm. Qualifizierung;"Kauffrau, Kaufmann für Büromanagement, Industriekaufmann, Industriekauffrau, kaufmännischer Sachbearbeiter Empfang und Rezeption, Empfang, Assistenz, kaufmännische Grundtätigkeiten, 
Büroorganisation, Frontoffice, Backoffice, Büroorganisation, Assistenz, kaufmännische Assistenz



";Reha, FbW;"Berufsgenossenschaften
Deutsche Rentenversicherung
";34 Wochen;8 Wochen;"Hausinternes Zertifikat
SAP-Anwenderzertifikat 'Foundation Level' 
IHK-Zertifikat";aktiv;Link zum Dokument auf der Homepage ;BFW Schömberg;;
Medizinisch-kaufmännische Fachkraft (IHK);Anppassungsqualifizierung;Allrounder im Gesundheitswesen - kfm. Qualifizierung;"Kauffrau, Kaufmann für Büromanagement, kaufmännische Grundtätigkeiten, Empfang Arzt, Empfangsmitarbeiter, Kassenabrechnung, Praxisorganisation, medizinisch kaufmännische Fachkraft, Abrechnungsfachkraft, Büroorganisation
";Reha, FbW;"Berufsgenossenschaften
Deutsche Rentenversicherung
";34 Wochen;8 Wochen;"Hausinternes Zertifikat
SAP-Anwenderzertifikat 'Foundation Level' 
IHK-Zertifikat";aktiv;Link zum Dokument auf der Homepage ;BFW Schömberg;;
IT-System-Elektroniker/-in;Umschulung;"Experten für Hardwareinstallation und Inbetriebnahme - IT-Ausbildung
";"IT, Informationstechnik, Umschulung, Weiterbildung, Qualifizierung, JobFit-Angebote, Fachinformatiker/-in Anwendungsentwicklung, Fachinformatiker/-in Systemintegration, IT-System-Kaufmann/-frau, IT-System-Elektroniker/-in, Informatikkaufmann/-frau, PC-Supporter/-in, PC- und Netzwerkfachkraft, Bildungsangebot, Qualifizierungsangebot, Hardware, Netzwerk, Telekommunikation
";Reha, FbW;"Agentur für Arbeit/Jobcenter
Berufsgenossenschaften
Deutsche Rentenversicherung
";24 Monate;6 Monate;"IHK-Zeugnis
Cisco-Zertifikat
ICDL-Zertifikat (Standardzertifikat)";aktiv;Link zum Dokument auf der Homepage ;BFW Schömberg;;
Kaufmann/-frau für IT-System-Management;Umschulung;Kundenbegleitung vom Konzept bis zur funktionierenden IT-Lösung  - IT-Ausbildung;"IT, Informationstechnik, Umschulung, Weiterbildung, Qualifizierung, JobFit-Angebote, Fachinformatiker/-in Anwendungsentwicklung, Fachinformatiker/-in Systemintegration, IT-System-Kaufmann/-frau, IT-System-Elektroniker/-in, Informatikkaufmann/-frau, PC-Supporter/-in, PC- und Netzwerkfachkraft, Bildungsangebot, Qualifizierungsangebot, Hardware, Netzwerk, Telekommunikation, Angebotserstellung, Kalkulation
";Reha, FbW;"Agentur für Arbeit/Jobcenter
Berufsgenossenschaften
Deutsche Rentenversicherung
";24 Monate;6 Monate;"IHK-Zeugnis
Cisco-Zertifikat
ECDL-Zertifikat (Standardzertifikat)";aktiv;Link zum Dokument auf der Homepage ;BFW Schömberg;;
Kaufmann/-frau für Digitalisierungsmanagement;Umschulung;Organisator für die IT-Struktur im Unternehmen  - IT-Ausbildung;"IT, Informationstechnik, Umschulung, Weiterbildung, Qualifizierung, JobFit-Angebote, Fachinformatiker/-in Anwendungsentwicklung, Fachinformatiker/-in Systemintegration, IT-System-Kaufmann/-frau, IT-System-Elektroniker/-in, Informatikkaufmann/-frau, PC-Supporter/-in, PC- und Netzwerkfachkraft, Bildungsangebot, Qualifizierungsangebot, Hardware, Netzwerk, Telekommunikation, Angebotserstellung, Kalkulation, IT-System-Kaufmann/-frau
";Reha, FbW;"Agentur für Arbeit/Jobcenter
Berufsgenossenschaften
Deutsche Rentenversicherung
";24 Monate;6 Monate;"IHK-Zeugnis
Cisco-Zertifikat
ICDL-Zertifikat (Standardzertifikat)";aktiv;Link zum Dokument auf der Homepage ;BFW Schömberg;;
Fachinformatiker/-in Systemintegration;Umschulung;Planung und Konfiguration von IT-Systemen  - IT-Ausbildung;"IT, Informationstechnik, Umschulung, Weiterbildung, Qualifizierung, JobFit-Angebote, Fachinformatiker/-in Anwendungsentwicklung, Fachinformatiker/-in Systemintegration, IT-System-Kaufmann/-frau, IT-System-Elektroniker/-in, Informatikkaufmann/-frau, PC-Supporter/-in, PC- und Netzwerkfachkraft, Bildungsangebot, Qualifizierungsangebot, Hardware, Netzwerk, Telekommunikation
";Reha, FbW;"Agentur für Arbeit/Jobcenter
Berufsgenossenschaften
Deutsche Rentenversicherung
";24 Monate;6 Monate;"IHK-Zeugnis
Cisco-Zertifikat
ICDL-Zertifikat (Standardzertifikat)";aktiv;Link zum Dokument auf der Homepage ;BFW Schömberg;;
Fachinformatiker/-in Anwendungsentwicklung;Umschulung;Anpassen und Weiterentwicklung einer bestehenden Software  - IT-Ausbildung;"IT, Informationstechnik, Umschulung, Weiterbildung, Qualifizierung, JobFit-Angebote, Fachinformatiker/-in Anwendungsentwicklung, Fachinformatiker/-in Systemintegration, IT-System-Kaufmann/-frau, IT-System-Elektroniker/-in, Informatikkaufmann/-frau, PC-Supporter/-in, PC- und Netzwerkfachkraft, Bildungsangebot, Qualifizierungsangebot, Hardware, Netzwerk, Telekommunikation
";Reha, FbW;"Agentur für Arbeit/Jobcenter
Berufsgenossenschaften
Deutsche Rentenversicherung
";24 Monate;6 Monate;"IHK-Zeugnis
Cisco-Zertifikat
ICDL-Zertifikat (Standardzertifikat)";aktiv;Link zum Dokument auf der Homepage ;BFW Schömberg;;
PC- und Netzwerkfachkraft (IHK);Anppassungsqualifizierung;Sorgt für Netzwerk ohne Kommunikationsprobleme  - IT-Qualifizierung;"IT, Informationstechnik, Umschulung, Weiterbildung, Qualifizierung, Fachinformatiker/-in Anwendungsentwicklung, Fachinformatiker/-in PC- und Netzwerkfachkraft, Systemintegration, IT-System-Kaufmann/-frau, IT-System-Elektroniker/-in, Informatikkaufmann/-frau, PC-Supporter/-in, PC- und Netzwerkfachkraft, Bildungsangebot, Qualifizierungsangebot, Netzwerk
";Reha, FbW;"Berufsgenossenschaften
Deutsche Rentenversicherung
";46 Wochen;6 Wochen;"IHK-Zertifikat
Hausinternes Zertifikat
Cisco-Zertifikat 
ICDL (Base-Zertifikat)";aktiv;Link zum Dokument auf der Homepage ;BFW Schömberg;;
Industrieelektriker Fachrichtung Geräte und Systeme;Umschulung;Elektrofachkräfte mit der Lizenz zum Reparieren - Elektronikausbildung;"Elektrik, Elektronik, Industrieelektik, Betriebstechnik, Elektrofachkraft, Umschulung, Weiterbildung, Qualifizierung, Industrieelektriker, Industrieelektrikerin, Industrieelektriker Fachrichtung Geräte und Systeme, Elektroniker, Elektronikerin, Produktionshelferin, Produktionshelfer für Bestückung und Elektromontage, Fachkraft für Elektronikfertigung, Stufenqualifizierung, SPS
";Reha, FbW;"Agentur für Arbeit/Jobcenter
Berufsgenossenschaften
Deutsche Rentenversicherung
";18 Monate;9 Wochen;IHK-Zeugnis;aktiv;Link zum Dokument auf der Homepage ;BFW Schömberg;;
Elektroniker/-in für Geräte und Systeme;Umschulung;Multitalente im Umgang mit Hightech  - Elektronikausbildung;"Elektrik, Elektronik, Industrieelektik, Betriebstechnik, Elektrofachkraft, Umschulung, Weiterbildung, Qualifizierung, Industrieelektriker, Industrieelektrikerin, Industrieelektriker Fachrichtung Geräte und Systeme, Elektroniker, Elektronikerin, Produktionshelferin, Produktionshelfer für Bestückung und Elektromontage, Fachkraft für Elektronikfertigung, Stufenqualifizierung, SPS
";Reha, FbW;"Agentur für Arbeit/Jobcenter
Berufsgenossenschaften
Deutsche Rentenversicherung
";24 Monate;9 Wochen;IHK-Zeugnis;aktiv;Link zum Dokument auf der Homepage ;BFW Schömberg;;
Technischer Hauswart/-in (IHK);Anppassungsqualifizierung;Die Allrounder für Gebäudetechnik - Haustechnik-Qualifizierung;Elektrik, Elektronik, Elektrofachkraft, Haustechnik,  Industrieelektriker, Industrieelektrikerin, Industrieelektriker Fachrichtung Geräte und Systeme, Technischer Hauswart, Technische Hauswartin, Hausmeister, Facilitymanager, Elektrofachkraft, Haus- und Gebäudetechnik, Gebäudebewirtschaftung;Reha, FbW;"Berufsgenossenschaften
Deutsche Rentenversicherung
";44 Wochen;16 Wochen;"Hausinternes Zeritifikat
IHK-Zertifikat 'Elektrofachkraft für festgelegte Tätigkeiten'
IHK-Zertifikat 'Technischer Hauswart*in'
'Flurförderschein' Dekra-Zertifikat";aktiv;Link zum Dokument auf der Homepage ;BFW Schömberg;;
Produktionshelfer/-in Bestückung und Elektromontage;Anppassungsqualifizierung;Routiniers für Montage- und Verbindungsarbeiten  - Elektronikqualifizierung;"Elektrik, Elektronik, Elektrofachkraft,   Industrieelektriker, Industrieelektrikerin, Industrieelektriker Fachrichtung Geräte und Systeme, Elektroniker, Elektronikerin, Produktionshelferin, Produktionshelfer für Bestückung und Elektromontage, Fachkraft für Elektronikfertigung, Stufenqualifizierung,, SMD, Bestückung, SPS
Herstellung elektronischer Komponenten";Reha, FbW;"Berufsgenossenschaften
Deutsche Rentenversicherung
";26 Wochen;4 Wochen;Hausinternes Zertifikat;aktiv;Link zum Dokument auf der Homepage ;BFW Schömberg;;
Fachkraft für Elektronikfertigung;Anppassungsqualifizierung;Experten für Elektromontage  - Elektronikqualifizierung;"Elektrik, Elektronik, Elektrofachkraft,   Industrieelektriker, Industrieelektrikerin, Industrieelektriker Fachrichtung Geräte und Systeme, Elektroniker, Elektronikerin, Produktionshelferin, Produktionshelfer für Bestückung und Elektromontage, Fachkraft für Elektronikfertigung, Stufenqualifizierung,, SMD, Bestückung, SPS
Herstellung elektronischer Komponenten";Reha, FbW;"Berufsgenossenschaften
Deutsche Rentenversicherung
";26 Wochen;4 Wochen;"Hausinternes Zeritifikat
IHK-Zertifikat 'Elektrofachkraft für festgelegte Tätigkeiten'";aktiv;Link zum Dokument auf der Homepage ;BFW Schömberg;;
Qualitätsfachmann/-frau Fertigungsprüftechnik;Umschulung;Experten für die Sicherung von Produkt- und Prozessqualität - Qualitätswesenausbildung;"Qualitätswesen, Qualitätsfachleute, Ausbildung, Umschulung, Weiterbildung, Qualifizierung, Qualitätsfachmann, Qualitätsfachfrau, Qualitätsprüfer, Industriefachkraft für Qualitätssicherung, Industriefachkraft für CAD-Konstruktion und Qualitätssicherung, Qualitätsmanagement, DGQ, Qualitätsassistent, Bildungsangebot, Qualifizierungsangebot, 3D Koordinatenmessung, Fertigungsprüftechnik, Lagetoleranzen, Qualitätsmanagement, Längen- und Messprüftechnik
";Reha, FbW;"Agentur für Arbeit/Jobcenter
Berufsgenossenschaften
Deutsche Rentenversicherung
";24 Monate;"3 Monate
";"IHK-Zeugnis
DGQ-Qualitätsassistent Technik, AKUKOM Stufe I Basis
(Umschulungsberuf nach §59 BBiG)";aktiv;Link zum Dokument auf der Homepage ;BFW Schömberg;;
Industriefachkraft (IHK) für Qualitätssicherung;Anppassungsqualifizierung;Idealbesetzung in der Qualitätssicherung - Qualitätswesenqualifizierung;"Qualitätswesen, Qualitätsfachleute, Ausbildung, Umschulung, Weiterbildung, Qualifizierung, Qualitätsfachmann, Qualitätsfachfrau, Qualitätsprüfer, Industriefachkraft für Qualitätssicherung, Industriefachkraft für CAD-Konstruktion und Qualitätssicherung, Qualitätsmanagement, DGQ, Qualitätsassistent, Bildungsangebot, Qualifizierungsangebot, 3D Koordinatenmessung, Fertigungsprüftechnik, Lagetoleranzen, Qualitätsmanagement, Längen- und Messprüftechnik
";Reha, FbW;"Berufsgenossenschaften
Deutsche Rentenversicherung
";28 Wochen;6 Wochen;"Hausinternes Zertifikat, 
DGQ-Qualitätsassistent Technik
IHK-Zertifikat ";aktiv;Link zum Dokument auf der Homepage ;BFW Schömberg;;
Qualitätsprüfer/-in (IHK) Fertigungsprüftechnik;Anppassungsqualifizierung;Produktbegleiter von der Erstbemusterung bis zur Endprüfung - Qualitätswesenqualifizierung;"Qualitätswesen, Qualitätsfachleute, Ausbildung, Umschulung, Weiterbildung, Qualifizierung, Qualitätsfachmann, Qualitätsfachfrau, Qualitätsprüfer, Industriefachkraft für Qualitätssicherung, Industriefachkraft für CAD-Konstruktion und Qualitätssicherung, Qualitätsmanagement, DGQ, Qualitätsassistent, Bildungsangebot, Qualifizierungsangebot, 3D Koordinatenmessung, Fertigungsprüftechnik, Lagetoleranzen, Qualitätsmanagement, Längen- und Messprüftechnik
";Reha, FbW;"Berufsgenossenschaften
Deutsche Rentenversicherung
";44 Wochen;6 Wochen;"Hausinternes Zertifikat, 
IHK-Zertifikat DGQ-Qualitätsassistent Technik";aktiv;Link zum Dokument auf der Homepage ;BFW Schömberg;;
Technischer Produktdesigner/-in Fachrichtung Maschinen- und Anlagenkostruktion;Umschulung;Produkte mit neuster Technik entwickeln und gestalten - Konstruktionsausbildung;"Konstruktion, CAD, Technischer Produktdesigner, Industriefachkraft für CAD-Konstruktion, Industriefachkraft für CAD-Konstruktion mit Metallgrundlagen, Industriefachkraft für CAD-Konstruktion und CAM-Fertigung, Industriefachkraft für CAD-Konstruktion und Qualitätssicherung, Technischer Zeichner, CAD, Siemens NX, Maschienenbau, 3D-Druck, 3D-Konstruktion
";Reha, FbW;"Agentur für Arbeit/Jobcenter
Berufsgenossenschaften
Deutsche Rentenversicherung
";24 Monate;2 Monate;IHK-Zeugnis;aktiv;Link zum Dokument auf der Homepage ;BFW Schömberg;;
Industriefachkraft (IHK) für CAD-Konstruktion;Anppassungsqualifizierung;CAD-Fachkräfte mit Berufs- und Lebenserfahrung - Konstruktionqualifizierung;Konstruktion, CAD, Technischer Produktdesigner, Industriefachkraft für CAD-Konstruktion, Industriefachkraft für CAD-Konstruktion mit Metallgrundlagen, Industriefachkraft für CAD-Konstruktion und CAM-Fertigung, Industriefachkraft für CAD-Konstruktion und Qualitätssicherung, Technischer Zeichner, CAD, Siemens NX, Maschienenbau, 3D-Druck, 3D-Konstruktion;Reha, FbW;"Berufsgenossenschaften
Deutsche Rentenversicherung
";26 Wochen;6 Wochen;"Hausinternes Zertifikat
IHK-Zertifikat";aktiv;Link zum Dokument auf der Homepage ;BFW Schömberg;;
Industriefachkraft (IHK) für CAD-Konstruktion und Metallgrundlagen;Anppassungsqualifizierung;AD-Fachkräfte mit techn. Know-How - Konstruktion-Qualifizierung;Konstruktion, CAD, Technischer Produktdesigner, Industriefachkraft für CAD-Konstruktion, Industriefachkraft für CAD-Konstruktion mit Metallgrundlagen, Industriefachkraft für CAD-Konstruktion und CAM-Fertigung, Industriefachkraft für CAD-Konstruktion und Qualitätssicherung, Technischer Zeichner, CAD, Siemens NX, Maschienenbau, 3D-Druck, 3D-Konstruktion;Reha, FbW;"Berufsgenossenschaften
Deutsche Rentenversicherung
";44 Wochen;6 Wochen;"Hausinternes Zertifikat
IHK-Zertifikat";aktiv;Link zum Dokument auf der Homepage ;BFW Schömberg;;
Industriefachkraft (IHK) für CAD-Konstruktion und Qualitätssicherung;Anppassungsqualifizierung;Verbindungsstelle zwischen Konstruktion und Qualitätssicherung - Qualitätswesen-Qualifizierung;"Konstruktion, CAD, Technischer Produktdesigner, Industriefachkraft für CAD-Konstruktion, Industriefachkraft für CAD-Konstruktion mit Metallgrundlagen, Industriefachkraft für CAD-Konstruktion und CAM-Fertigung, Industriefachkraft für CAD-Konstruktion und Qualitätssicherung, Technischer Zeichner, CAD, Siemens NX, Maschienenbau, 3D-Druck, 3D-Konstruktion
Qualitätswesen, Qualitätsfachleute, Ausbildung, Umschulung, Weiterbildung, Qualifizierung, Qualitätsfachmann, Qualitätsfachfrau, Qualitätsprüfer, Industriefachkraft für Qualitätssicherung, Industriefachkraft für CAD-Konstruktion und Qualitätssicherung, Qualitätsmanagement, DGQ, Qualitätsassistent, Bildungsangebot, Qualifizierungsangebot, 3D Koordinatenmessung, Fertigungsprüftechnik, Lagetoleranzen, Qualitätsmanagement, Längen- und Messprüftechnik";Reha, FbW;"Berufsgenossenschaften
Deutsche Rentenversicherung
";44 Wochen;6 Wochen;"Hausinternes Zertifikat
DGQ-Qualitätsassistent Technik
IHK-Zertifikat";aktiv;Link zum Dokument auf der Homepage ;BFW Schömberg;;
Maschinen- und Anlagenführer;Umschulung;Sorgt für einen reibungslosen Produktionsablauf - Fertigung-Ausbildung;"Fertigung, Produktion, Maschinen- und Anlagenführer, Maschinen- und Anlagenführerin, Fachkraft für Metalltechnik Fachrichtung Zerspanungstechnik, Industriemechaniker Einsatzgebiet Feingerätebau, Industriemechanikerin, CNC-Anwender Drehen und Fräsen (NCG), CNC-Anwenderin, CNC-Anwender für Fachkräfte (NCG), Industriefachkraft für CNC-Fertigung, Industriefachkraft für CNC- und CAM-Fertigung, Industriefachkraft für CAM-Fertigung, CNC
";Reha, FbW;"Agentur für Arbeit/Jobcenter
Berufsgenossenschaften
Deutsche Rentenversicherung
";18 Monate;6 Monate;IHK-Zeugnis;aktiv;Link zum Dokument auf der Homepage ;BFW Schömberg;;
Fachkraft für Metalltechnik Fachrichtung Zerspanungstechnik;Umschulung;Bei der Herstellung von Metallwerkstücken gefragt - Fertigung-Ausbildung;"Fertigung, Produktion, Maschinen- und Anlagenführer, Maschinen- und Anlagenführerin, Fachkraft für Metalltechnik Fachrichtung Zerspanungstechnik, Industriemechaniker Einsatzgebiet Feingerätebau, Industriemechanikerin, CNC-Anwender Drehen und Fräsen (NCG), CNC-Anwenderin, CNC-Anwender für Fachkräfte (NCG), Industriefachkraft für CNC-Fertigung, Industriefachkraft für CNC- und CAM-Fertigung, Industriefachkraft für CAM-Fertigung, CNC
";Reha, FbW;"Agentur für Arbeit/Jobcenter
Berufsgenossenschaften
Deutsche Rentenversicherung
";18 Monate;2 Monate;IHK-Zeugnis;aktiv;Link zum Dokument auf der Homepage ;BFW Schömberg;;
Industriemechaniker/-in Einsatzgebiet Feingerätebau;Umschulung;Allrounder in der Metallverarbeitung - Fertigung-Ausbildung;"Fertigung, Produktion, Maschinen- und Anlagenführer, Maschinen- und Anlagenführerin, Fachkraft für Metalltechnik Fachrichtung Zerspanungstechnik, Industriemechaniker Einsatzgebiet Feingerätebau, Industriemechanikerin, CNC-Anwender Drehen und Fräsen (NCG), CNC-Anwenderin, CNC-Anwender für Fachkräfte (NCG), Industriefachkraft für CNC-Fertigung, Industriefachkraft für CNC- und CAM-Fertigung, Industriefachkraft für CAM-Fertigung, CNC
";Reha, FbW;"Agentur für Arbeit/Jobcenter
Berufsgenossenschaften
Deutsche Rentenversicherung
";24 Monate;6 Monate;"
IHK-Zeugnis";aktiv;Link zum Dokument auf der Homepage ;BFW Schömberg;;
CNC-Anwender/-in Drehen und Fräsen;Anppassungsqualifizierung;Flexibel einsetzbare Zerspanungsexperten - Fertigung-Qualifizierung;"Fertigung, Produktion, Maschinen- und Anlagenführer, Maschinen- und Anlagenführerin, Fachkraft für Metalltechnik Fachrichtung Zerspanungstechnik, Industriemechaniker Einsatzgebiet Feingerätebau, Industriemechanikerin, CNC-Anwender Drehen und Fräsen (NCG), CNC-Anwenderin, CNC-Anwender für Fachkräfte (NCG), Industriefachkraft für CNC-Fertigung, Industriefachkraft für CNC- und CAM-Fertigung, Industriefachkraft für CAM-Fertigung, CNC
";Reha, FbW;"Berufsgenossenschaften
Deutsche Rentenversicherung
";44 Wochen;6 Wochen;"Hausinternes Zertifikat
Zertifikat Nachwuchsstiftung Maschinenbau";aktiv;Link zum Dokument auf der Homepage ;BFW Schömberg;;
Industriefachkraft (IHK) für CNC-Fertigung;Anppassungsqualifizierung;Programmieren, Rüsten, Fertigen für CNC-Profis - Fertigungsqualifizierung;"Fertigung, Produktion, Maschinen- und Anlagenführer, Maschinen- und Anlagenführerin, Fachkraft für Metalltechnik Fachrichtung Zerspanungstechnik, Industriemechaniker Einsatzgebiet Feingerätebau, Industriemechanikerin, CNC-Anwender Drehen und Fräsen (NCG), CNC-Anwenderin, CNC-Anwender für Fachkräfte (NCG), Industriefachkraft für CNC-Fertigung, Industriefachkraft für CNC- und CAM-Fertigung, Industriefachkraft für CAM-Fertigung, CNC
";Reha, FbW;"Berufsgenossenschaften
Deutsche Rentenversicherung
";26 Wochen;4 Wochen;"Hausinternes Zertifikat
IHK-Zertifikat";aktiv;Link zum Dokument auf der Homepage ;BFW Schömberg;;
RehaStep;Integrationsmaßnahme;"Integrationsmaßnahme auf dem Arbeitsmarkt
Integrationsstrategie entwickeln, Schulung berufsbezogener Grundlagen, überwiegend betriebliche Qualifizierung";Orientierung, Profiling, Neuorientierung, Wiedereinstieg, Einzelcoaching, Coaching, Berufserfahrung, Lebenserfahrung, Integrationsmaßnahme, Integration in Arbeit, zurück ins Arbeitsleben, Praktikum;Reha;"Agentur für Arbeit/Jobcenter
Berufsgenossenschaften
Deutsche Rentenversicherung
";9 Monate;ca. 6 Monate;Hausinternes Zertifikat;aktiv;Link zum Dokument auf der Homepage ;BFW Schömberg;;
RehaStep+;Integrationsmaßnahme;"Integrationsmaßnahme für psychisch erkrankte Menschen auf dem Arbeitsmarkt
Integrationsstrategie entwickeln, Schulung berufsbezogener Grundlagen, überwiegend betriebliche Qualifizierung";Orientierung, Profiling, Neuorientierung, Wiedereinstieg, Einzelcoaching, Coaching, Berufserfahrung, Lebenserfahrung, Integrationsmaßnahme, Integration in Arbeit, zurück ins Arbeitsleben, intensive psychologische Beratung und Begleitung;Reha;"Deutsche Rentenversicherung
";9 Monate;ca. 6 Monate;Hausinternes Zertifikat;aktiv;Link zum Dokument auf der Homepage ;BFW Schömberg;;
Integrationsmaßnahme zur direkten Wiedereingliederung (IWR);Integrationsmaßnahme;"Integrationsmaßnahme auf dem Arbeitsmarkt
Integrationsstrategie entwickeln, Schulung berufsbezogener Grundlagen, überwiegend betriebliche Qualifizierung";Neuorientierung am Arbeitsmarkt, direkter Einstieg, Coaching, EDV-Grundlagen, Bewerbungs- und Persönlichkeitstrainings, Praxisphase im Betrieb;Reha;"Berufsgenossenschaften
Deutsche Rentenversicherung
";7 Monate;bis 6 Monate;Hausinternes Zertifikat;aktiv;Link zum Dokument auf der Homepage ;BFW Schömberg;;
Reha-Einzelcoaching;Coaching;Intensive Unterstützung beim Finden eines geeigneten Ausbildungsplatzes;"Erarbeiten von Integrationsansätzen und deren Umsetzung
Hilfe bei der Suche nach einem Umschulungsplatz, 
Erhaltung, Erweiterung oder an technische Entwicklung angepasste berufliche Fertigkeiten und Kenntnisse
Beruflicher Aufstieg
Vermittlung eines beruflichen Abschlusses
Befähigung zu einer anderen Tätigkeit";Reha;"Berufsgenossenschaften
Deutsche Rentenversicherung
";individuell stundenweise;-;;aktiv;Link zum Dokument auf der Homepage ;BFW Schömberg;;
Rehabilitation in Betrieb und Berufsschule;Coaching;Begleitung und Unterstützung einer zweijährigen verkürzten Ausbildung im Betrieb und der Berufsschule;"Reha im Betrieb, betriebliche begleitete Umschulung, RIB, Rehabilitation in Betrieb und Berufsschule,  Ausbildungsbetrieb, reg+I54:I61ionale Bildungsangebote, Betreuung, Berufsabschluss, staatlich anerkannter Ausbildungsberuf
-
Begleitung der Teilnehmer in Betrieb und Berufsschule während einer betrieblichen Umschulung in allen Berufsfeldern zur psychischen und sozialen Stabilisierung und Sicherstellung des Ausbildungserfolges
Ausgleich von Lern- und Wissensdefiziten durch fachliche Unterstützung (Förderunterricht)
Krisenintervention
Suche Folgearbeitsplatz, Coaching";Reha;"Berufsgenossenschaften
Deutsche Rentenversicherung
";24 Monate (kann variieren);"lt. Ausbildungs-
rahmenplan";"IHK Kammerabschluss in versch.
Berufen
Kammerzeugnis je nach Berufsausbildung";aktiv;Link zum Dokument auf der Homepage ;BFW Schömberg;;
;;;;;;;;;;;;;
AubiFit-Qualifizierungsvorbereitung intensiv;Vorbereitung;Vorbereitung auf die Ausbildung mit individuellen Schwerpunkten - Quali-Vorbereitung;Qualifizierungs-Vorbereitung, Vorbereitungskurs, Förderung, Wiederauffrischen, Lernkompetenz, Lernen, Lernen lernen, Lernwerkstatt, Lerntechniken, Deutsch, Mathematik, intensiv Mathematik, Schwerpunkt Mathematik, beruflicher Neustart, Neubeginn;FbW;"Agentur für Arbeit
Jobcenter ";18 Wochen;-;Hauszeugnis;aktiv;Link zum Dokument auf der Homepage ;pro.Di (BFW Schömberg);"Tamara Schumann
t.schumann@pro-di.net
07159 406-7351";"Sara Cardano
s.cardano@pro-di.net
07159 406-7353"
AubiFit-Qualifizierungsvorbereitung intensiv mit Schwerpunkt Deutsch als Fremdsprache;Vorbereitung;Vorbereitung auf die Ausbildung mit Schwerpunkt Deutsch - Quali-Vorbereitung;Qualifizierungs-Vorbereitung, Vorbereitungskurs, Förderung, Wiederauffrischen, Lernkompetenz, Lernen, Lernen lernen, Lernwerkstatt, Lerntechniken, Deutsch, Mathematik, intensiv Mathematik, Schwerpunkt Mathematik, beruflicher Neustart, Neubeginn;FbW;"Agentur für Arbeit
Jobcenter ";18 Wochen;-;Hauszeugnis;aktiv;Link zum Dokument auf der Homepage ;pro.Di (BFW Schömberg);;
AubiFit-Qualifizierungsvorbereitung;Vorbereitung;Vorbereitung auf die Ausbildung - Quali-Vorbereitung;Qualifizierungs-Vorbereitung, Vorbereitungskurs, Förderung, Wiederauffrischen, Lernkompetenz, Lernen, Lernen lernen, Lernwerkstatt, Lerntechniken, Deutsch, Mathematik, intensiv Mathematik, Schwerpunkt Mathematik, beruflicher Neustart, Neubeginn;FbW;"Agentur für Arbeit
Jobcenter ";12 Wochen;-;Hauszeugnis;aktiv;Link zum Dokument auf der Homepage ;pro.Di (BFW Schömberg);;
AubiFit-Qualifizierungsvorbereitung für Verwaltungsfachangestellte;Vorbereitung;Vorbereitung auf die Ausbildung  mit Fokus auf Wirtschaft- u. Sozialkunde - Quali-Vorbereitung;Qualifizierungs-Vorbereitung, Vorbereitungskurs, Förderung, Wiederauffrischen, Lernkompetenz, Lernen, Lernen lernen, Lernwerkstatt, Lerntechniken, Deutsch, Mathematik, intensiv Mathematik, Schwerpunkt Mathematik, beruflicher Neustart, Neubeginn;FbW;"Agentur für Arbeit
Jobcenter ";12 Wochen;-;Hauszeugnis;aktiv;Link zum Dokument auf der Homepage ;pro.Di (BFW Schömberg);;
AubiFit-Qualifizierungsvorbereitung für Steuerfachangestellte;Vorbereitung;Vorbereitung auf die Ausbildung zum Steuerfachangestellten - Quali-Vorbereitung;Qualifizierungs-Vorbereitung, Vorbereitungskurs, Förderung, Wiederauffrischen, Lernkompetenz, Lernen, Lernen lernen, Lernwerkstatt, Lerntechniken, Deutsch, Mathematik, intensiv Mathematik, Schwerpunkt Mathematik, beruflicher Neustart, Neubeginn;FbW;"Agentur für Arbeit
Jobcenter ";12 Wochen;-;Hauszeugnis;aktiv;Link zum Dokument auf der Homepage ;pro.Di (BFW Schömberg);;
Vorbereitung auf Externenprüfung/Nachqualifizierung nach Absprache;Vorbereitung;Prüfungsvorbereitung;Qualifizierungs-Vorbereitung, Vorbereitungskurs, Förderung, Wiederauffrischen, Lernkompetenz, Lernen, Lernen lernen, Lernwerkstatt, Lerntechniken, Deutsch, Mathematik, intensiv Mathematik, Schwerpunkt Mathematik, beruflicher Neustart, Neubeginn;FbW;"Agentur für Arbeit
Jobcenter ";nach Vorkenntnis;-;;aktiv;Link zum Dokument auf der Homepage ;pro.Di (BFW Schömberg);;
Fachvorbereitung Metall;Vorbereitung;Vorbereitung auf eine Metallausbildung - Quali-Vorbereitung;Qualifizierungs-Vorbereitung, Vorbereitungskurs, Förderung, Wiederauffrischen, Lernkompetenz, Lernen, Lernen lernen, Lernwerkstatt, Lerntechniken, Deutsch, Mathematik, intensiv Mathematik, Schwerpunkt Mathematik, beruflicher Neustart, Neubeginn;FbW;"Agentur für Arbeit
Jobcenter ";max. 8 Wochen;-;Hauszeugnis;aktiv;Link zum Dokument auf der Homepage ;pro.Di (BFW Schömberg);;
Vorbereitung auf die Ausbildereignungsprüfung (AEVO);Vorbereitung;Vorbereitung auf die Externenprüfung;Qualifizierungs-Vorbereitung, Vorbereitungskurs, Förderung, Wiederauffrischen, Lernkompetenz, Lernen, Lernen lernen, Lernwerkstatt, Lerntechniken, Deutsch, Mathematik, intensiv Mathematik, Schwerpunkt Mathematik, beruflicher Neustart, Neubeginn;FbW;"Agentur für Arbeit
Jobcenter 
Selbstzahler";Berufsbegleitend;-;IHK-Zeugnis;aktiv;Link zum Dokument auf der Homepage ;pro.Di (BFW Schömberg);;
Q-Check;Aktivierungsmaßnahme;Integration in Qualifizierungsmaßnahmen - Aktivierung;Qualifizierungscheck, Lernkompetenz, beruflicher Neustart, Neubeginn, Testverfahren, Feststellung Leistungsfähigkeit, Ausbildung, Weiterbildung, Beratung, Findungsphase, Unterstützung berufl. Orientierung, Neuorientierung, Aktivierung;Ausschreibung, Zuweisung;Jobcenter Stuttgart ;4 Vormittage;-;Teilnahmebescheinigung;aktiv;Link zum Dokument auf der Homepage ;pro.Di (BFW Schömberg);;
POW - Profiling, Orientierung, Weiterentwicklung;Aktivierungsmaßnahme;Zurück in Arbeit - strategische Ausrichtung - Aktivierung/Coaching;Profiling, Orientierung, Weiterentwicklung, Qualifizierung, Aktivierung, Arbeitslosigkeit vermeiden, ;AVGS;"Agentur für Arbeit
Jobcenter ";3 Wochen;-;Teilnahmebescheinigung;aktiv;Link zum Dokument auf der Homepage ;pro.Di (BFW Schömberg);;
Abv - Arbeitslosigkeit begegnen + vermeiden;Aktivierungsmaßnahme;Arbeitslosigkeit beenden und vermeiden - Aktivierung/Coaching;Profiling, Orientierung, Weiterentwicklung, Qualifizierung, Aktivierung, ;AVGS;"Kommunale Arbeitsförderung
Agentur für Arbeit
Jobcenter ";12 Wochen in TZ;-;Teilnahmebescheinigung;aktiv;Link zum Dokument auf der Homepage ;pro.Di (BFW Schömberg);;
IGLA - Integrative Gesundheitsförderung für Langzeitarbeitslose;Aktivierungsmaßnahme;Heranführen bzw. Vorbereitung zu Integrationsmaßnahmen für den Arbeitsmarkt - Aktivierung/Coaching;Langzeitarbeitslos, neue Chance, Ausbildung, Qualifizierung, Recherche, Weiterentwicklung, Orientierung,;AVGS ;"Kommunale Arbeitsförderung
Agentur für Arbeit
Jobcenter ";26 Wochen;-;Teilnahmebescheinigung;aktiv;Link zum Dokument auf der Homepage ;pro.Di (BFW Schömberg);;
AktivA - Aktive Bewältigung von Langzeitarbeitslosigkeit;Aktivierungsmaßnahme;Integrationsfähigkeit für den Arbeitsmarkt herstellen - Aktivierung/Coaching;Langzeitarbeitslos, neue Chance, Ausbildung, Qualifizierung, Recherche, Weiterentwicklung, Orientierung,;Krankenkasse;"Kommunale Arbeitsförderung
Jobcenter ";8 Tage in TZ;-;Teilnahmebescheinigung;aktiv;Link zum Dokument auf der Homepage ;pro.Di (BFW Schömberg);;
NeuStart Einzelcoaching;Integrationsmaßnahme;Integration in den Arbeitsmarkt oder Festigung der Arbeitsstelle - Aktivierung/Coaching;Coaching, Einzelcoaching, Integrationscoaching, Jobcoaching, Orientierung, Integration, Aktivierung;AVGS ;"Agentur für Arbeit
Jobcenter ";max. 40 Einheiten;-;Teilnahmebescheinigung;aktiv;Link zum Dokument auf der Homepage ;pro.Di (BFW Schömberg);;
Inklusion Nordschwarzwald;Integrationsmaßnahme;Integration in den Arbeitsmarkt - Aktivierung/Coaching;Integration, Inklusion, Coaching, ;AVGS ;"Integrationsamt, 
Agentur für Arbeit
Jobcenter ";52 Wochen;-;Teilnahmebescheinigung;aktiv;Link zum Dokument auf der Homepage ;pro.Di (BFW Schömberg);;
Steuerfachangestellte*r in Teilzeit;Umschulung;Der Beruf für Zahlenliebhaber - kfm. Ausbildung;Steuerfachangestellter, Steuerfachangestellte, Wiedereingliederung von Steuerfachangestellten, Steuern, Finanzen, Lohnbuchhalter, Lohnbuchhalterin, Lohnbuchhaltung, Finanzbuchhalter, Finanzbuchhaltung, kaufmännischer Sachbearbeiter Rechnungswesen, Buchhalter Debitoren, Buchhalter Kreditoren, Buchhalterin, Einkommenssteuererklärung, DATEV, Lexware, SAP, Steuerberaterkammer, Steuerwesen;FbW;"Agentur für Arbeit
Jobcenter ";34 Monate;9 Monate;"Steuerfachangestellter (StBK)
ICDL-Zertifikat (Base-Zertifikat)
DATEV-Zertifikat";aktiv;Link zum Dokument auf der Homepage ;pro.Di (BFW Schömberg);;
Fachassistent*in Rechnungswesen/Controlling in Teilzeit;Anpassungsqualifizierung;Assistenzaufgaben im Rechnungswesen - kfm. Qualifizierung;Fachpraktiker, Fachpraktikerin, Fachkauffrau, Fachkaufmann, kaufmännischer Sachbearbeiter, kaufmännische Sachbearbeiterin, Rechnungswesen, Controlling;FbW;"Agentur für Arbeit
Jobcenter ";18 Wochen halbtags;4 Wochen;Hausinternes Zertifikat;aktiv;Link zum Dokument auf der Homepage ;pro.Di (BFW Schömberg);;
Fachkraft Alltagsassistenz;Anpassungsqualifizierung;Fachkraft in ambul. und stationären Einrichtungen - Qualifizierung Soziales ;Alltagsassistenz, Alltagsbegleiter, Alltagsbegleiter,  Betreuungskraft, Pflegehelfer,  häusliche Pflege, stationäre Pflegeeinrichtung, Betreuer, Nachbarschaftshilfe, Fachkraft Betreuung,;FbW;"Agentur für Arbeit
Jobcenter ";20 Wochen;4 Wochen;Hausinternes Zertifikat;aktiv;Link zum Dokument auf der Homepage ;pro.Di (BFW Schömberg);;
Fachkraft Alltagsassistenz in Teilzeit;Anpassungsqualifizierung;Fachkraft in ambul. und stationären Einrichtungen - Qualifizierung Soziales ;Alltagsassistenz, Alltagsbegleiter, Alltagsbegleiter,  Betreuungskraft, Pflegehelfer,  häusliche Pflege, stationäre Pflegeeinrichtung, Betreuer, Nachbarschaftshilfe, Fachkraft Betreuung,;FbW;"Agentur für Arbeit
Jobcenter ";800 UE;4 Wochen;Hausinternes Zertifikat;aktiv;Link zum Dokument auf der Homepage ;pro.Di (BFW Schömberg);;
Fortbildung für Betreuungskräfte nach §53c SGB XI;Anpassungsqualifizierung;Sicherung hoher Qualitätsstandards - Qualifizierung Soziales;Alltagsassistenz, Alltagsbegleiter, Alltagsbegleiter,  Betreuungskraft, Pflegehelfer,  häusliche Pflege, stationäre Pflegeeinrichtung, Betreuer, Nachbarschaftshilfe, Fachkraft Betreuung,;FbW;"Agentur für Arbeit
Jobcenter ";2 Tage;-;Hausinternes Zertifikat;aktiv;Link zum Dokument auf der Homepage ;pro.Di (BFW Schömberg);;
Fortbildung Sterbe- und Trauerbegleitung;Anpassungsqualifizierung;Gute Sterbe- und Trauerbegleitung leisten - Qualifizierung Soziales;Alltagsassistenz, Alltagsbegleiter, Alltagsbegleiter,  Betreuungskraft, Pflegehelfer,  häusliche Pflege, stationäre Pflegeeinrichtung, Betreuer, Nachbarschaftshilfe, Fachkraft Betreuung,;FbW;"Agentur für Arbeit
Jobcenter ";7 Abende + 1 Tag;-;Hausinternes Zertifikat;aktiv;Link zum Dokument auf der Homepage ;pro.Di (BFW Schömberg);;
Digitale Kompetenzen in der berufl. Praxis;Anpassungsqualifizierung;Vermittlung digitaler Grundkenntnisse  - IT-Qualifizierung;IT, Informationstechnik, Umschulung, Weiterbildung, Qualifizierung, JobFit-Angebote, Fachinformatiker/-in Anwendungsentwicklung, Fachinformatiker/-in Systemintegration, IT-System-Kaufmann/-frau, IT-System-Elektroniker/-in, Informatikkaufmann/-frau, PC-Supporter/-in, PC- und Netzwerkfachkraft, Bildungsangebot, Qualifizierungsangebot, Digital, IT-Kompetenz;FbW;"Agentur für Arbeit
Jobcenter ";nach Bedarf;-;Hausinternes Zertifikat, ICDL-Zertifikat Profile;aktiv;Link zum Dokument auf der Homepage ;pro.Di (BFW Schömberg);;
Nachqualifizierung IT-Berufe;Anpassungsqualifizierung;Vorbereitung auf Externenprüfung;IT, Informationstechnik, Umschulung, Weiterbildung, Qualifizierung, JobFit-Angebote, Fachinformatiker/-in Anwendungsentwicklung, Fachinformatiker/-in Systemintegration, IT-System-Kaufmann/-frau, IT-System-Elektroniker/-in, Informatikkaufmann/-frau, PC-Supporter/-in, PC- und Netzwerkfachkraft, Bildungsangebot, Qualifizierungsangebot, Nachprüfung, Nachqualifizierung;FbW;"Agentur für Arbeit
Jobcenter ";bis 12 Monate;-;Externenprüfung vor IHK;aktiv;Link zum Dokument auf der Homepage ;pro.Di (BFW Schömberg);;
;;;;;;;;;;;;;
BEM Implementierung I: Grundschulung;Betriebliches Eingliederungsmanagement;Grundlagen zum BEM;Eingliederungsmanagement, Betriebliches Eingliederungsmanagement, BEM, Coaching Betrieb, Begleitung, Intervention, ;Selbstzahler;Firmen;4 Stunden;;Zertifikat;aktiv;Link zum Dokument auf der Homepage ;Kompetenzzentrum Beruf und Gesundheit (BFW Schömberg);"Tamara Schumann
t.schumann@pro-di.net
07159 406-7351";"Sara Cardano
s.cardano@pro-di.net
07159 406-7353"
BEM Implementierung II: Coaching;Betriebliches Eingliederungsmanagement;Umsetzung in Praxis mit Begleitung;Eingliederungsmanagement, Betriebliches Eingliederungsmanagement, BEM, Coaching Betrieb, Begleitung, Intervention, ;Selbstzahler;Firmen;individuell;;;aktiv;Link zum Dokument auf der Homepage ;Kompetenzzentrum Beruf und Gesundheit (BFW Schömberg);;
BEM Begleitung;Betriebliches Eingliederungsmanagement;Langfristige Unterstützung;Eingliederungsmanagement, Betriebliches Eingliederungsmanagement, BEM, Coaching Betrieb, Begleitung, Intervention, ;Selbstzahler;Firmen;individuell;;;aktiv;Link zum Dokument auf der Homepage ;Kompetenzzentrum Beruf und Gesundheit (BFW Schömberg);;
BEM Outsourcing;Betriebliches Eingliederungsmanagement;Übernahme BEM-Fallmanagement;Eingliederungsmanagement, Betriebliches Eingliederungsmanagement, BEM, Coaching Betrieb, Begleitung, Intervention, ;Selbstzahler;Firmen;individuell;;;aktiv;Link zum Dokument auf der Homepage ;Kompetenzzentrum Beruf und Gesundheit (BFW Schömberg);;
BEM Intervention;Betriebliches Eingliederungsmanagement;Hilfestellung bei festgefahrenen BEM-Verfahren;Eingliederungsmanagement, Betriebliches Eingliederungsmanagement, BEM, Coaching Betrieb, Begleitung, Intervention, ;Selbstzahler;Firmen;individuell;;;aktiv;Link zum Dokument auf der Homepage ;Kompetenzzentrum Beruf und Gesundheit (BFW Schömberg);;
Assessment;Assessment;Abklärung, ob alter Arbeitsplatz aufrechterhalten werden kann;Abklärung, Berufsfindung, Assessment,;Selbstzahler;Firmen;1 - 14 Tage;;;aktiv;Link zum Dokument auf der Homepage ;Kompetenzzentrum Beruf und Gesundheit (BFW Schömberg);;
EAP - Externe Mitarbeiterberatung ;Mitarbeiterberatung;Bewältigung von berufl., privaten + gesundheitl. Belastungssituationen;Mitarbeiterberatung, Belastungssituation, BurnOut, berufl. Neustart, Coaching, Betriebliches Eingliederungsmanagement;Selbstzahler;Firmen;individuell;;;aktiv;Link zum Dokument auf der Homepage ;Kompetenzzentrum Beruf und Gesundheit (BFW Schömberg);;
Newplacement;Berufliche Neuorientierung;faires Trennungsmanagement und berufliche Neuorientierung;Neuorientierung, Trennungsmanagement, Coaching Betrieb, Restrukturierung, Kündigungsprozess, Berufsperspektiven, Bewerbungsgrundlagen, Bewerbungsstrategie;Selbstzahler, FbW;Firmen;individuell;;Zertifikat;aktiv;Link zum Dokument auf der Homepage ;Kompetenzzentrum Beruf und Gesundheit (BFW Schömberg);;
Grundlagen Metall;Grundlagenschulung für Auszubildende;Grundlagenförderung für Azubi in der Zerspanung - Angebot AbQ;"Fachkraft für Metall,  Metallgrundlagen, Metallbauer, Metallbearbeitung, Ausbildung Metall, Zerspanung, Metallberufe, Grundlagenschulung, Ausbildung Metallberufe, Grundlagen Metall
";Selbstzahler, FbW;Firmen, Agentur für Arbeit, Jobcenter;14 Wochen;;Zertifikat;aktiv;Link zum Dokument auf der Homepage ;Kompetenzzentrum Beruf und Gesundheit (BFW Schömberg);;
Hybride Ausbildung Maschinen- und Anlagenführer/in und Fachkraft Metalltechnik;Facharbeiterabschluss;Ausbildung in Kooperation mit Berufsschule und Unternehmen/Ausbildungsbetrieb;"Maschinen- und Anlagenführer, Maschinen- und Anlagenführerin, Fachkraft Metalltechnik,  Metallgrundlagen, Metallbauer, Metallbearbeitung, Ausbildung Metall, Zerspanung, Montagetechnik, Metallberufe, Ausbildung Metallberufe
";Selbstzahler, FbW;Firmen, Agentur für Arbeit, Jobcenter;24 Monate/12 im Betrieb, 12 bei KompBG;;IHK-Zertifikat;aktiv;Link zum Dokument auf der Homepage ;Kompetenzzentrum Beruf und Gesundheit (BFW Schömberg);;
Steuerungstechnik Pneumatik;Zusatzschulung für Auszubildende;Grundlegende pneumatische Bauelemente für Azubis;"Pneumatik, Steuerungstechnik, Fachkraft Metalltechnik, Metallberufe, Elektroberufe, Metallbearbeitung, Ausbildung Metall und Elektro, Ausbildung Metall- und Elektroberufe
";Selbstzahler, FbW;Firmen, Agentur für Arbeit, Jobcenter;5 Tage - 50 % in online;;Zertifikat;aktiv;Link zum Dokument auf der Homepage ;Kompetenzzentrum Beruf und Gesundheit (BFW Schömberg);;
Steuerungstechnik E-Pneumatik;Zusatzschulung für Auszubildende;Grundlegende elektropneumatische und elektrische Bauelemente für Azubis;"Pneumatik, Elektropneumatik,  Steuerungstechnik, Schaltpläne, Metalltechnik, Metallberufe, Elektroberufe, Metallbearbeitung, Ausbildung Metall und Elektro, Ausbildung Metall- und Elektroberufe
";Selbstzahler, FbW;Firmen, Agentur für Arbeit, Jobcenter;6 Tage - 50 % in online;;Zertifikat;aktiv;Link zum Dokument auf der Homepage ;Kompetenzzentrum Beruf und Gesundheit (BFW Schömberg);;
Fachkraft für CAD/CAM;Mitarbeiterschulung;Grundlagen der CAD-Modellierung mit Siemens NX;CAD-Modellierung, Siemens NX, CAD/CAM, 2D, 3D, Konstruktion, CNC-Programmerstellung, CNC-Technik, Metalltechniker, Metalltechnikerin, ;Selbstzahler, FbW;Firmen, Agentur für Arbeit, Jobcenter;161 UE in TZ -        50 % in online;;Zertifikat;aktiv;Link zum Dokument auf der Homepage ;Kompetenzzentrum Beruf und Gesundheit (BFW Schömberg);;
Fachkraft für CNC-Technik;Mitarbeiterschulung;Erlernung der Handhabe modernster CNC-Fertigungsmaschinen und effektiver Einsatz versch. Programmierverfahren;CNC-Techniker, CNC-Programmerstellung, CNC-Technik, CNC-Fertigung, CNC-Programmierung, CNC-Drehen, CNC-Fräsen, HAAS-CNC, CNC-Facharbeiter ;Selbstzahler, FbW;Firmen, Agentur für Arbeit, Jobcenter;162 UE in TZ -        50 % in online;;Zertifikat;aktiv;Link zum Dokument auf der Homepage ;Kompetenzzentrum Beruf und Gesundheit (BFW Schömberg);;
Prüfungsvorbereitung IHK-Abschluss Industriemechaniker;Prüfungsvorbereitung IHK-Abschluss;Prüfungsvorbereitung unter realen Bedingungen;Industriemechaniker, Industriemechanikerin, IHK-Abschluss, Prüfungsvorbereitung, Metallberufe, Ausbildungsabschluss Industrie Metall, Prüfungsangst;Selbstzahler, FbW;Firmen, Agentur für Arbeit, Jobcenter;Modul I - 1 Woche Modul II - 7 Wochen Modul III - 2 Wochen;;Zertifikat;aktiv;Link zum Dokument auf der Homepage ;Kompetenzzentrum Beruf und Gesundheit (BFW Schömberg);;
Prüfungsvorbereitung Maschinen- und Anlagenführer Theorie;Prüfungsvorbereitung Theorie;Prüfungsvorbereitung unter realen Bedingungen auf die theoretische Prüfung;"Maschinen- und Anlagenführer, Metalltechnik, Prüfungsvorbereitung, Metallberufe, Prüfungsangst,  Theorieprüfung Metallberufe, Produktionstechnik, Produktionsplanung
";Selbstzahler, FbW;Firmen, Agentur für Arbeit, Jobcenter;40 UE;;Zertifikat;aktiv;Link zum Dokument auf der Homepage ;Kompetenzzentrum Beruf und Gesundheit (BFW Schömberg);;
Prüfungsvorbereitung IHK-Abschlussprüfung Zerspanungsmechaniker;Prüfungsvorbereitung IHK-Abschluss;Prüfungsvorbereitung unter realen Bedingungen auf die theoretische Prüfung;Zerspanungsmechaniker, Zerspanungsmechanikerin, Prüfungsvorbereitung, theoretische Prüfung, Metallberufe, IHK-Abschluss Zerspanung;Selbstzahler, FbW;Firmen, Agentur für Arbeit, Jobcenter;Modul I - 1 Woche Modul II - 7 Wochen;;Zertifikat;aktiv;Link zum Dokument auf der Homepage ;Kompetenzzentrum Beruf und Gesundheit (BFW Schömberg);;
CNC-Programmiertechnik I - Maschinentechnologie/Koordinatensystem;Grundlagenschulung;Grundlagenschulung mit Schwerpunkt Maschinentechnologie und Koordinatensysteme;CNC-Programmiertechnik, Koordinatensysteme, Grundlagenschulung CNC-Technik, Maschinentechnologie, Koordinatensysteme, Metallberufe, CNC-Technik, CNC-Steuerung, CNC-Maschinen;Selbstzahler, FbW;Firmen, Agentur für Arbeit, Jobcenter;1 Woche;;Zertifikat;aktiv;Link zum Dokument auf der Homepage ;Kompetenzzentrum Beruf und Gesundheit (BFW Schömberg);;
CNC-Programmiertechnik II - CNC-Drehtechnik;Grundlagenschulung;Aufbauend auf Modul I - Schwerpunkt CNC-Drehtechnik;CNC-Drehtechnik, CNC-Programmiertechnik, Metallberufe, Maschinentechnologie, Grundlagenschulung Metallberufe, Weiterbildung Metallberufe;Selbstzahler, FbW;Firmen, Agentur für Arbeit, Jobcenter;1 Woche;;Zertifikat;aktiv;Link zum Dokument auf der Homepage ;Kompetenzzentrum Beruf und Gesundheit (BFW Schömberg);;
CNC-Programmiertechnik III - CNC-Frästechnik;Grundlagenschulung;Aufbau auf Modul I+II - Schwerpunkt CNC-Frästechnik;CNC-Programmiertechnik, CNC-Frästechnik, Koordinatensysteme, Grundlagenschulung CNC-Technik, Maschinentechnologie, Koordinatensysteme, Metallberufe, CNC-Technik, CNC-Steuerung, CNC-Maschinen;Selbstzahler, FbW;Firmen, Agentur für Arbeit, Jobcenter;1 Woche;;Zertifikat;aktiv;Link zum Dokument auf der Homepage ;Kompetenzzentrum Beruf und Gesundheit (BFW Schömberg);;
Grundlagen Zeichnungserstellung AutoCAD Mechanical (2D-CAD);Grundlagenschulung;Einarbeitung in ein modernes 2D-CAD-Konstruktionssystem;AutoCAD, CAD-Konstruktion, Zeichnungserstellung, 2D-CAD, Technischer Zeichner, CAD-Weiterbildung, Konstruktionssysteme Weiterbildung;Selbstzahler, FbW;Firmen, Agentur für Arbeit, Jobcenter;4 Wochen - 50 % online;;Zertifikat;aktiv;Link zum Dokument auf der Homepage ;Kompetenzzentrum Beruf und Gesundheit (BFW Schömberg);;
Grundlagen Zeichnungserstellung Autodesk Inventor (3D-CAD);Grundlagenschulung;Einarbeitung in ein modernes 3D-CAD-Konstruktionssystem;AutoCAD, CAD-Konstruktion, Zeichnungserstellung, 3D-CAD, Technischer Zeichner, CAD-Weiterbildung, Konstruktionssysteme Weiterbildung, Autodesk Inventor, Maschinenbau 3D;Selbstzahler, FbW;Firmen, Agentur für Arbeit, Jobcenter;5 Wochen - 50 % online;;Zertifikat;aktiv;Link zum Dokument auf der Homepage ;Kompetenzzentrum Beruf und Gesundheit (BFW Schömberg);;
Prüfungsvorbereitung zur IHK-Abschlussprüfung Technischer Produktdesigner MAK Teil 1;Prüfungsvorbereitung IHK-Abschluss;Vorbereitung auf die AP Teil 1;Prüfungsvorbereitung Technischer Produktdesigner, Maschinen- und Anlagenkonstruktion, CAD, Technischer Produktdesigner, Technische Produktdesignerin, MAK, Maschinenkonstruktion;Selbstzahler, FbW;Firmen, Agentur für Arbeit, Jobcenter;4 Wochen;;Zertifikat;aktiv;Link zum Dokument auf der Homepage ;Kompetenzzentrum Beruf und Gesundheit (BFW Schömberg);;
Prüfungsvorbereitung zur IHK-Abschlussprüfung Technischer Produktdesigner MAK Teil 2;Prüfungsvorbereitung IHK-Abschluss;Vorbereitung auf die AP Teil 2 Bereich Präsentation und Fachgespräch oder Prüfungsbereich schriftl. Aufgaben;Prüfungsvorbereitung Technischer Produktdesigner, Maschinen- und Anlagenkonstruktion, CAD, Technischer Produktdesigner, Technische Produktdesignerin, MAK, Maschinenkonstruktion;Selbstzahler, FbW;Firmen, Agentur für Arbeit, Jobcenter;2 bzw. 4 Wochen;;Zertifikat;aktiv;Link zum Dokument auf der Homepage ;Kompetenzzentrum Beruf und Gesundheit (BFW Schömberg);;
Messtechnik I;Mitarbeiterschulung;Nach Abschluss bedienen von einfachen Handmessmittel;Qualitätssicherung, Messtechnik, Qualitätswesen, Prüfmittelprüfung, Prüfmittelüberwachung, Qualitätsbereich, Handmessmittel, Warenprüfung;Selbstzahler;Firmen;50 UE;;Zertifikat;aktiv;Link zum Dokument auf der Homepage ;Kompetenzzentrum Beruf und Gesundheit (BFW Schömberg);;
Messtechnik II;Mitarbeiterschulung;Aufbau auf Messtechnik I für komplexe Messaufträge mit Handmessm.;Qualitätssicherung, Messtechnik, Qualitätswesen, Prüfmittelprüfung, Prüfmittelüberwachung, Qualitätsbereich, Handmessmittel, Warenprüfung;Selbstzahler;Firmen;50 UE;;Zertifikat;aktiv;Link zum Dokument auf der Homepage ;Kompetenzzentrum Beruf und Gesundheit (BFW Schömberg);;
Messtechnik III;Mitarbeiterschulung;Aufbau auf Messtechnik II für komplexe Messaufträge mit Handmessm.;Qualitätssicherung, Messtechnik, Qualitätswesen, Prüfmittelprüfung, Prüfmittelüberwachung, Qualitätsbereich, Handmessmittel, Warenprüfung;Selbstzahler;Firmen;50 UE;;Zertifikat;aktiv;Link zum Dokument auf der Homepage ;Kompetenzzentrum Beruf und Gesundheit (BFW Schömberg);;
Messtechnik IV;Mitarbeiterschulung;Aufbau auf Messtechnik III für selbständige Prüfentscheidungen;Qualitätssicherung, Messtechnik, Qualitätswesen, Prüfmittelprüfung, Prüfmittelüberwachung, Qualitätsbereich, Handmessmittel, Warenprüfung, Messstrategie, Längenprüftechnik, taktile Messmittel;Selbstzahler;Firmen;50 UE;;Zertifikat;aktiv;Link zum Dokument auf der Homepage ;Kompetenzzentrum Beruf und Gesundheit (BFW Schömberg);;
Geometrische Produktspezifikation (GPS);Mitarbeiterschulung;Für Fachkräfte mit abgeschl. gewerblich/technischer Berufsausbildung;Produktspezifikation (GPS),  technische Zeichnungen, ISO-GPS-Normen, gewerblich-technische Ausbildung, geometrische Produktspezifikation, Weiterbildung GPS;Selbstzahler, FbW;Firmen, Agentur für Arbeit, Jobcenter;50 UE - 50 % online;;Zertifikat;aktiv;Link zum Dokument auf der Homepage ;Kompetenzzentrum Beruf und Gesundheit (BFW Schömberg);;
Fachkraft Qualitätsprüfer in der Produktion;Mitarbeiterschulung;Beschäftigte in einem techn. Beruf, die die Produktqaulität verbessern möchten;Metall- und Kunststoff verarbeitende Berufe, Qualitätsprüfer, Fachkraft Produktion, Qualitätslenkung, Qualitätssicherung, Qualitätswesen, ;Selbstzahler, FbW;Firmen, Agentur für Arbeit, Jobcenter;161 UE - 50 % online;;Zertifikat;aktiv;Link zum Dokument auf der Homepage ;Kompetenzzentrum Beruf und Gesundheit (BFW Schömberg);;
Elektrotechnische Grundlagen für IT-Berufe;Zusatzschulung für Auszubildende;Azubi IT-Systemelektroniker/-in - Vermittlung von Grundlagen der Elektrotechnik;IT-Systemelektroniker, IT-Systemelektronikerin, Systemelektroniker, Systemelektronikerin, Elektrotechnik, Elektrotechnische Grundlagen, IT-Berufe;Selbstzahler;Firmen;12 Wochen -         50 % online;;Zertifikat;aktiv;Link zum Dokument auf der Homepage ;Kompetenzzentrum Beruf und Gesundheit (BFW Schömberg);;
IHK Fachkraft für IT Sicherheit und Administration;Mitarbeiterschulung;Fachmitarbeiter im IT-Bereich mit einschl. Berufserfahrung;IT-Sicherheit, Administration, IT-Berufe, Netzwerker, IT-Risikomanagement, Netzwerktechnik, IT-Ausbildung, Netzwerkschutz, Fachkraft für IT-Sicherheit;Selbstzahler;Firmen;4 Monate -           50 % online;;Zertifikat;aktiv;Link zum Dokument auf der Homepage ;Kompetenzzentrum Beruf und Gesundheit (BFW Schömberg);;
ICDL - Internationaler Computerführerschein;Mitarbeiterschulung, Wiedereinsteiger;Office-Anwenderkenntnisse;Office, Computerführerschein, ICDL, Office-Kenntnisse, Office-Anwendungen, Computergrundlagen, Textverarbeitung, Online-Grundlagen, ;Selbstzahler, FbW;Firmen, Agentur für Arbeit, Jobcenter;modular - Inhouse möglich;;Zertifikat;aktiv;Link zum Dokument auf der Homepage ;Kompetenzzentrum Beruf und Gesundheit (BFW Schömberg);;
IHK Fachkraft für Softwareentwicklung;Mitarbeiterschulung;Facharbeiter, die in die Softwareentwicklung wechseln wollen;Softwareentwickler, IHK-Fachkraft IT, IT-Berufe, Programmierung Python, Webentwicklung HTML und CSS, Datenbank, IT-Spezialist;Selbstzahler, FbW;Firmen, Agentur für Arbeit, Jobcenter;4 Monate -           50 % online;;Zertifikat;aktiv;Link zum Dokument auf der Homepage ;Kompetenzzentrum Beruf und Gesundheit (BFW Schömberg);;
Elektrofachkraft für festgelegte Tätigkeiten (IHK);Mitarbeiterschulung;für Fachkräfte Metall mit Facharbeiterabschluss;"Fachkraft Metall, Elektrofachkraft, Industriemechaniker, Maschinen- und Anlagenführer, Metallfacharbeiter, elektrische Betriebsmittel, Facharbeiter Metall
";Selbstzahler;Firmen;100 UE;;Zertifikat;aktiv;Link zum Dokument auf der Homepage ;Kompetenzzentrum Beruf und Gesundheit (BFW Schömberg);;
SPS & GRAFCET;Auszubildende Mechatronik oder Industriemechaniker im 2. Ausbildungsjahr;Azubi Mechatroniker/Industriemechaniker im 2. Ausbildungsjahr;SPS & Grafcet, Speicherprogrammierbare Steuerung, SPS, Automatisierungstechnik, Mechatroniker, Mechatronikerin, Industriemechaniker, Industriemechanikerin, Pneumatik, Elektrofachkraft;Selbstzahler, FbW;Firmen, Agentur für Arbeit, Jobcenter;10 Tage;;Zertifikat;aktiv;Link zum Dokument auf der Homepage ;Kompetenzzentrum Beruf und Gesundheit (BFW Schömberg);;
Basiskompetenzen Steuerfachangestellte;Zusatzschulung für Auszubildende;Basiskompetenzen Steuerfachangestellte für junge Azubis;Steuerfachangestellte, Steuerfachangestellter, Basiskompetenzen Steuerfach, Steuerlehre, Buchhaltung, DATEV;Selbstzahler;Firmen;2 Wochen;;;aktiv;Link zum Dokument auf der Homepage ;Kompetenzzentrum Beruf und Gesundheit (BFW Schömberg);;
Fachspezifische Prüfungsvorbereitung Steuerfachangest. mündlich;Zusatzschulung für Auszubildende;Für Azubis 3. Ausbildungsjahr nach der schriftl. Prüfung;Steuerfachangestellte, Steuerfachangestellter, Basiskompetenzen Steuerfach, Steuerlehre, Buchhaltung, DATEV, Prüfungsvorbereitung Steuerfach, Prüfungsvorbereitung Steuerfachangestellter auf schriftlichen Teil;Selbstzahler;Firmen;5 Tage;;;aktiv;Link zum Dokument auf der Homepage ;Kompetenzzentrum Beruf und Gesundheit (BFW Schömberg);;
Fachspezifische Prüfungsvorbereitung Steuerfachangest. schriftlich;Zusatzschulung für Auszubildende;Für Azubis 3. Ausbildungsjahr;Steuerfachangestellte, Steuerfachangestellter, Basiskompetenzen Steuerfach, Steuerlehre, Buchhaltung, DATEV, Prüfungsvorbereitung Steuerfach, mündl. Prüfungsvorbereitung Steuerfachangestellter;Selbstzahler;Firmen;20 Tage;;;aktiv;Link zum Dokument auf der Homepage ;Kompetenzzentrum Beruf und Gesundheit (BFW Schömberg);;
Knigge für Azubis;Zusatzschulung für Auszubildende;Neue Auszubildende auf die Arbeitswelt vorbereiten;Auszubildende, Umgangsformen, Knigge-Seminar, Start in das Berufsleben, ;Selbstzahler, FbW;Firmen, Agentur für Arbeit, Jobcenter;1 Tag;;Zertifikat;aktiv;Link zum Dokument auf der Homepage ;Kompetenzzentrum Beruf und Gesundheit (BFW Schömberg);;
Digitale Kompetenzen;Mitarbeiterschulung;Umgang mit Homeoffice, E-Learning und solides digitales Wissen;Digitales Grundwissen, ICDL-Zertifikat, EDV-Kenntnisse, Digitale Kompetenzen, Office-Paket, HomeOffice, E-Learning, IT-Kompetenz, Computer-Grundlagen, MS Projekt, MS Outlook, MS Visio, MS Power Point, MS Word, MS Excel, Online-Arbeit;Selbstzahler, FbW;Firmen, Agentur für Arbeit, Jobcenter;25 UE in TZ oder VZ;;Zertifikat;aktiv;Link zum Dokument auf der Homepage ;Kompetenzzentrum Beruf und Gesundheit (BFW Schömberg);;
Grundlagen der Zerspanungstechnik für Kaufleute (GZK);Mitarbeiterschulung;Vermittlung Grudnlagen der Metallbearbeitung inkl. Grundkenntnisse der maschinellen Zerspanung;Grundlagen Zerspanung, Zerspanungstechnik für Kaufleute, maschinelle Zerspanung, zerspanende Metallverarbeitung, Praktische Grundlagen Zerspanung, GZK, Metallbearbeitung für Kaufleute, Weiterbildung Zerspanung;Selbstzahler;Firmen;5 Tage;;;aktiv;Link zum Dokument auf der Homepage ;Kompetenzzentrum Beruf und Gesundheit (BFW Schömberg);;
;;;;;;;;;;;;;
MBOR über Kompetenzzentrum (BFW Schömberg);Assessment;;Abklärung Rückkehr bisheriger Arbeitsplatz, berufliche Eignung max. 3 Berufsfeldern, Abklärung arbeitsplatzbezogener, psychomentaler Belastbarkeit;Selbstzahler;;1 Woche;;;;Link zum Dokument auf der Homepage ;BFW Schömberg;;
Belastungserprobung;Assessment;"Abklärung der arbeitsplatzbezogenen physischen und psychischen Belastbarkeit im vorhandenen bzw. in angedachten Arbeitsfeldern
Prüfung einer Wiedereingliederung an den bisherigen Arbeitsplatz";Stationäre und ambulante Patienten der medizinischen Rehabilitation, Vorliegen einer beruflichen Problemlage, Klärung und Unterstützung Erarbeitung neue beruflichen Perspektive;Selbstzahler;Kliniken;"5 Std. 
(innerhalb 6 Monaten)";;;aktiv;Link zum Dokument auf der Homepage ;BFW Schömberg;;
Berufscoaching;Assessment;"Erhaltung bestehender Arbeitsplätze bzw. Entwicklung von Arbeitsplatzalternativen
Planung & Begleitung der frühzeitigen beruflichen Wiedereingliederung
Stärkung der berufsbezogenen Selbstkompetenz und Motivation des Patienten";"Beruflicher Interessen, Verhaltens- und Erlebensmuster sowie Sozialkompetenzen, berufsbezogene Stärken- und Potenzialanalyse, 
Berufs- und Stellenrecherche, Hospitation diverser Berufsfeldern, Arbeitserprobung, Bewertung und Reflexion, psychologische Betreuung";Selbstzahler;Kliniken;3 Tage;;;aktiv;Link zum Dokument auf der Homepage ;BFW Schömberg;;
Potentialanalyse;Assessment;Abklärung des beruflichen Potenzials und Entwicklung neuer Perspektiven auf Basis der Berufsbiographie, der Stärken, des Vorwissens und der Interessen;Erfassung und Reflektion psychosozialer Faktoren, beruflicher Werdegang, Motivation, hemmenden und fördernden Kontextfaktoren, subjektivem Empfinden und perspektivischem Einschätzen der eigenen Erkrankung, aktuelles Arbeitsverhältnisses, Rückkehr, Adaption oder Umsetzung Arbeitsplatz;Selbstzahler;Kliniken;ca. 1 Std.;;;aktiv;Link zum Dokument auf der Homepage ;BFW Schömberg;;
Orientierungsgespräch;Assessment;Gespräch mit Erfassung und Reflektion von psychosozialen Faktoren, beruflichem Werdegang, Motivation, Handlungsfähigkeit, Abklärung des aktuellen Arbeitsverhältnisses aus Patientensicht inklusive der Möglichkeiten zur Rückkehr, Adaption oder Umsetzung;Körperlichen Arbeitsfähigkeit, Feststellung leidensgerechter Tätigkeiten, Körperliches Belastungsprofil, Volltestung;Selbstzahler;Kliniken;2 x 1/2 Tag;;;aktiv;Link zum Dokument auf der Homepage ;BFW Schömberg;;
Evaluation der funktionellen Leistungsfähigkeit (ganztags);Assessment;"Volltestung:
Realitätsnahe Beurteilung der körperlichen Arbeitsfähigkeit bzw. Arbeitsmöglichkeit mit Blick auf berufliche Umorientierung bzw. Verbleib am angestammten Arbeitsplatz";Körperlichen Arbeitsfähigkeit, Feststellung leidensgerechter Tätigkeiten, Körperliches Belastungsprofil, Teiltestung;Selbstzahler;Kliniken;1/2 Tag;;;aktiv;Link zum Dokument auf der Homepage ;BFW Schömberg;;
Evaluation der funktionellen Leistungsfähigkeit (halbtags);Assessment;"Teiltestung (Screening):
Realitätsnahe Beurteilung der körperlichen Arbeitsfähigkeit bzw. Arbeitsmöglichkeit mit Blick auf berufliche Umorientierung bzw. Verbleib am angestammten Arbeitsplatz";;;Kliniken;;;;aktiv;Link zum Dokument auf der Homepage ;BFW Schömberg;;
